-- MySQL dump 10.13  Distrib 5.5.46, for debian-linux-gnu (x86_64)
--
-- Host: localhost    Database: ipostmo_notifications
-- ------------------------------------------------------
-- Server version	5.5.46-0+deb7u1

/*!40101 SET @OLD_CHARACTER_SET_CLIENT=@@CHARACTER_SET_CLIENT */;
/*!40101 SET @OLD_CHARACTER_SET_RESULTS=@@CHARACTER_SET_RESULTS */;
/*!40101 SET @OLD_COLLATION_CONNECTION=@@COLLATION_CONNECTION */;
/*!40101 SET NAMES utf8 */;
/*!40103 SET @OLD_TIME_ZONE=@@TIME_ZONE */;
/*!40103 SET TIME_ZONE='+00:00' */;
/*!40014 SET @OLD_UNIQUE_CHECKS=@@UNIQUE_CHECKS, UNIQUE_CHECKS=0 */;
/*!40014 SET @OLD_FOREIGN_KEY_CHECKS=@@FOREIGN_KEY_CHECKS, FOREIGN_KEY_CHECKS=0 */;
/*!40101 SET @OLD_SQL_MODE=@@SQL_MODE, SQL_MODE='NO_AUTO_VALUE_ON_ZERO' */;
/*!40111 SET @OLD_SQL_NOTES=@@SQL_NOTES, SQL_NOTES=0 */;

--
-- Table structure for table `message_tagger`
--

DROP TABLE IF EXISTS `message_tagger`;
/*!40101 SET @saved_cs_client     = @@character_set_client */;
/*!40101 SET character_set_client = utf8 */;
CREATE TABLE `message_tagger` (
  `id` bigint(20) NOT NULL AUTO_INCREMENT,
  `combined_user_id` varchar(100) DEFAULT NULL,
  `last_seen_date` varchar(45) DEFAULT NULL,
  `mt_sender` varchar(45) DEFAULT NULL,
  `mt_recipient` varchar(45) DEFAULT NULL,
  PRIMARY KEY (`id`)
) ENGINE=InnoDB AUTO_INCREMENT=23 DEFAULT CHARSET=latin1;
/*!40101 SET character_set_client = @saved_cs_client */;

--
-- Dumping data for table `message_tagger`
--

LOCK TABLES `message_tagger` WRITE;
/*!40000 ALTER TABLE `message_tagger` DISABLE KEYS */;
INSERT INTO `message_tagger` VALUES (1,'wX0ySg6VaZ_n4RYQ2sPpT','2016-02-15 14:53:20.411','wX0ySg6VaZ','n4RYQ2sPpT'),(2,'n4RYQ2sPpT_hTV16jzIfb','2016-02-12 10:36:50.322','n4RYQ2sPpT','hTV16jzIfb'),(3,'fOXfAo23OB_Qrt4SWVVT6','2016-02-15 18:45:23.694','fOXfAo23OB','Qrt4SWVVT6'),(4,'0_fOXfAo23OB','2016-02-16 06:20:27.500','0','fOXfAo23OB'),(5,'QGOEbPrVWj_HMeZfpQ2L1','2016-02-17 09:52:10.703','QGOEbPrVWj','HMeZfpQ2L1'),(6,'zEArAa6XUn_dW2WNJeyZq','2016-02-17 14:10:37.018','zEArAa6XUn','dW2WNJeyZq'),(7,'d5gh7I3a96_XBXfIUxZcO','2016-02-20 07:46:58.437','d5gh7I3a96','XBXfIUxZcO'),(8,'0_GTiSmsQEYL','2016-02-21 18:07:15.390','0','GTiSmsQEYL'),(9,'0_bSkS9AAqxE','2016-02-21 11:33:07.267','0','bSkS9AAqxE'),(10,'0yEyRhy7d0_GTiSmsQEYL','2016-02-21 17:45:56.306','0yEyRhy7d0','GTiSmsQEYL'),(11,'bSkS9AAqxE_GTiSmsQEYL','2016-02-22 08:12:20.320','bSkS9AAqxE','GTiSmsQEYL'),(12,'fqOyyn4I0b_GTiSmsQEYL','2016-02-21 18:05:43.651','fqOyyn4I0b','GTiSmsQEYL'),(13,'EAl2SW41C4_GTiSmsQEYL','2016-02-21 18:12:21.439','EAl2SW41C4','GTiSmsQEYL'),(14,'kKLmlcPg2g_GTiSmsQEYL','2016-02-21 18:15:57.621','kKLmlcPg2g','GTiSmsQEYL'),(15,'n4RYQ2sPpT_BrlGbXDMmN','2016-02-22 08:18:44.538','n4RYQ2sPpT','BrlGbXDMmN'),(16,'n4RYQ2sPpT_rczpl7h6Fl','2016-02-22 08:44:22.607','n4RYQ2sPpT','rczpl7h6Fl'),(17,'rczpl7h6Fl_E02dnvl4O5','2016-02-22 08:58:06.567','rczpl7h6Fl','E02dnvl4O5'),(18,'0_E02dnvl4O5','2016-02-22 09:07:06.221','0','E02dnvl4O5'),(19,'gy83psWQlZ_n4RYQ2sPpT','2016-02-22 11:38:27.873','gy83psWQlZ','n4RYQ2sPpT'),(20,'gy83psWQlZ_GTiSmsQEYL','2016-02-22 11:44:52.022','gy83psWQlZ','GTiSmsQEYL'),(21,'ySUl2q1aNP_E02dnvl4O5','2016-02-26 15:29:38.129','ySUl2q1aNP','E02dnvl4O5'),(22,'RgvoMeNbJt_E02dnvl4O5','2016-02-26 15:33:17.561','RgvoMeNbJt','E02dnvl4O5');
/*!40000 ALTER TABLE `message_tagger` ENABLE KEYS */;
UNLOCK TABLES;

--
-- Table structure for table `messages`
--

DROP TABLE IF EXISTS `messages`;
/*!40101 SET @saved_cs_client     = @@character_set_client */;
/*!40101 SET character_set_client = utf8 */;
CREATE TABLE `messages` (
  `id` bigint(20) NOT NULL AUTO_INCREMENT,
  `sender` varchar(45) DEFAULT NULL,
  `recipient` varchar(45) DEFAULT NULL,
  `message` text,
  `date` datetime DEFAULT NULL,
  `read` tinyint(1) DEFAULT '1',
  `message_tagger` bigint(20) DEFAULT NULL,
  PRIMARY KEY (`id`)
) ENGINE=InnoDB AUTO_INCREMENT=68 DEFAULT CHARSET=latin1;
/*!40101 SET character_set_client = @saved_cs_client */;

--
-- Dumping data for table `messages`
--

LOCK TABLES `messages` WRITE;
/*!40000 ALTER TABLE `messages` DISABLE KEYS */;
INSERT INTO `messages` VALUES (1,'wX0ySg6VaZ','n4RYQ2sPpT','MKHG','2016-02-11 07:27:37',1,1),(2,'n4RYQ2sPpT','wX0ySg6VaZ','test','2016-02-11 07:34:55',1,1),(3,'n4RYQ2sPpT','wX0ySg6VaZ','Test','2016-02-11 07:41:21',1,1),(4,'n4RYQ2sPpT','hTV16jzIfb','asas','2016-02-12 10:36:14',1,2),(5,'hTV16jzIfb','n4RYQ2sPpT','asas','2016-02-12 10:36:32',1,2),(6,'n4RYQ2sPpT','hTV16jzIfb','asasasas','2016-02-12 10:36:36',1,2),(7,'n4RYQ2sPpT','hTV16jzIfb','dfdf','2016-02-12 10:36:50',1,2),(8,'wX0ySg6VaZ','n4RYQ2sPpT','mm','2016-02-15 14:53:03',1,1),(9,'wX0ySg6VaZ','n4RYQ2sPpT','nsnsnns','2016-02-15 14:53:06',1,1),(10,'wX0ySg6VaZ','n4RYQ2sPpT','nsbsbsbs','2016-02-15 14:53:09',1,1),(11,'wX0ySg6VaZ','n4RYQ2sPpT','mmamamamama','2016-02-15 14:53:20',1,1),(12,'fOXfAo23OB','Qrt4SWVVT6','ano na','2016-02-15 18:45:23',1,3),(13,'0','fOXfAo23OB','messaaa','2016-02-16 06:20:01',1,4),(14,'0','fOXfAo23OB','mmm','2016-02-16 06:20:18',1,4),(15,'0','fOXfAo23OB','HAAA','2016-02-16 06:20:27',1,4),(16,'QGOEbPrVWj','HMeZfpQ2L1','yOW','2016-02-17 09:50:19',1,5),(17,'QGOEbPrVWj','HMeZfpQ2L1','SOMEWHERE','2016-02-17 09:51:40',1,5),(18,'HMeZfpQ2L1','QGOEbPrVWj','ANO','2016-02-17 09:51:58',1,5),(19,'HMeZfpQ2L1','QGOEbPrVWj','BAKIT BA','2016-02-17 09:52:04',1,5),(20,'QGOEbPrVWj','HMeZfpQ2L1','hahahahha','2016-02-17 09:52:10',1,5),(21,'zEArAa6XUn','dW2WNJeyZq','hello there','2016-02-17 14:09:50',1,6),(22,'dW2WNJeyZq','zEArAa6XUn','hello back','2016-02-17 14:10:37',1,6),(23,'d5gh7I3a96','XBXfIUxZcO','inquiring for airlift, how much is this?','2016-02-20 07:46:39',1,7),(24,'d5gh7I3a96','XBXfIUxZcO','how much','2016-02-20 07:46:58',1,7),(25,'0','GTiSmsQEYL','yooo','2016-02-21 10:43:55',1,8),(26,'0','bSkS9AAqxE','zxcvbnm','2016-02-21 10:59:21',1,9),(27,'0','bSkS9AAqxE','zxcvbq11','2016-02-21 11:00:27',1,9),(28,'0','bSkS9AAqxE','ano ba this','2016-02-21 11:33:07',1,9),(29,'0','GTiSmsQEYL','mmmmmmm','2016-02-21 17:28:35',1,8),(30,'0yEyRhy7d0','GTiSmsQEYL','msmmm11','2016-02-21 17:39:16',1,10),(31,'0yEyRhy7d0','GTiSmsQEYL','kkkk111','2016-02-21 17:40:02',1,10),(32,'0yEyRhy7d0','GTiSmsQEYL','test 101','2016-02-21 17:40:45',1,10),(33,'0yEyRhy7d0','GTiSmsQEYL','HALO THERE','2016-02-21 17:43:36',1,10),(34,'0yEyRhy7d0','GTiSmsQEYL','SAMPLE MESSAGE','2016-02-21 17:44:02',1,10),(35,'0yEyRhy7d0','GTiSmsQEYL','MMMM','2016-02-21 17:45:43',1,10),(36,'0yEyRhy7d0','GTiSmsQEYL','K','2016-02-21 17:45:56',1,10),(37,'bSkS9AAqxE','GTiSmsQEYL','nnn','2016-02-21 17:55:33',1,11),(38,'fqOyyn4I0b','GTiSmsQEYL','nnnn','2016-02-21 18:05:43',1,12),(39,'0','GTiSmsQEYL','nznznznzz','2016-02-21 18:07:15',1,8),(40,'EAl2SW41C4','GTiSmsQEYL','nnnnbbbbnnnn','2016-02-21 18:11:32',1,13),(41,'EAl2SW41C4','GTiSmsQEYL','bghhhhhhh','2016-02-21 18:12:21',1,13),(42,'kKLmlcPg2g','GTiSmsQEYL','werttyyyy','2016-02-21 18:15:14',1,14),(43,'kKLmlcPg2g','GTiSmsQEYL','mmamamamndbdbd ','2016-02-21 18:15:57',1,14),(44,'bSkS9AAqxE','GTiSmsQEYL','HI THERE','2016-02-22 06:50:13',1,11),(45,'bSkS9AAqxE','GTiSmsQEYL','M1','2016-02-22 06:50:51',1,11),(46,'bSkS9AAqxE','GTiSmsQEYL','mmm111','2016-02-22 06:54:49',1,11),(47,'GTiSmsQEYL','bSkS9AAqxE','HALU THERE','2016-02-22 06:54:58',1,11),(48,'bSkS9AAqxE','GTiSmsQEYL','HANU BER','2016-02-22 06:55:37',1,11),(49,'n4RYQ2sPpT','BrlGbXDMmN','test message','2016-02-22 08:04:58',1,15),(50,'BrlGbXDMmN','n4RYQ2sPpT','hello there','2016-02-22 08:05:39',1,15),(51,'GTiSmsQEYL','bSkS9AAqxE','MMM','2016-02-22 08:12:20',1,11),(52,'BrlGbXDMmN','n4RYQ2sPpT','testing 123','2016-02-22 08:18:44',1,15),(53,'n4RYQ2sPpT','rczpl7h6Fl','hello test 123','2016-02-22 08:42:25',1,16),(54,'rczpl7h6Fl','n4RYQ2sPpT','hey reply here','2016-02-22 08:44:22',1,16),(55,'rczpl7h6Fl','E02dnvl4O5','hello there 123','2016-02-22 08:55:31',1,17),(56,'rczpl7h6Fl','E02dnvl4O5','sending a message 123','2016-02-22 08:56:59',1,17),(57,'E02dnvl4O5','rczpl7h6Fl','reply 123','2016-02-22 08:57:23',1,17),(58,'rczpl7h6Fl','E02dnvl4O5','test able 456','2016-02-22 08:58:06',1,17),(59,'0','E02dnvl4O5','mnvbmnmnsdkjgert','2016-02-22 09:07:06',1,18),(60,'gy83psWQlZ','n4RYQ2sPpT','Hi.  Still available?','2016-02-22 11:37:40',1,19),(61,'n4RYQ2sPpT','gy83psWQlZ','Sold Out','2016-02-22 11:38:27',1,19),(62,'gy83psWQlZ','GTiSmsQEYL','Test','2016-02-22 11:44:24',1,20),(63,'GTiSmsQEYL','gy83psWQlZ','sample','2016-02-22 11:44:52',1,20),(64,'ySUl2q1aNP','E02dnvl4O5','hello im here now.','2016-02-26 15:10:09',1,21),(65,'ySUl2q1aNP','E02dnvl4O5','boom here it is/','2016-02-26 15:10:35',1,21),(66,'ySUl2q1aNP','E02dnvl4O5','hello there.','2016-02-26 15:29:38',1,21),(67,'RgvoMeNbJt','E02dnvl4O5','hello 1234','2016-02-26 15:33:17',1,22);
/*!40000 ALTER TABLE `messages` ENABLE KEYS */;
UNLOCK TABLES;

--
-- Table structure for table `notification_messages`
--

DROP TABLE IF EXISTS `notification_messages`;
/*!40101 SET @saved_cs_client     = @@character_set_client */;
/*!40101 SET character_set_client = utf8 */;
CREATE TABLE `notification_messages` (
  `id` bigint(18) NOT NULL AUTO_INCREMENT,
  `type` char(4) NOT NULL,
  `message` text NOT NULL,
  `created_at` datetime DEFAULT NULL,
  PRIMARY KEY (`id`)
) ENGINE=InnoDB AUTO_INCREMENT=343 DEFAULT CHARSET=latin1;
/*!40101 SET character_set_client = @saved_cs_client */;

--
-- Dumping data for table `notification_messages`
--

LOCK TABLES `notification_messages` WRITE;
/*!40000 ALTER TABLE `notification_messages` DISABLE KEYS */;
INSERT INTO `notification_messages` VALUES (1,'REVW','##notifier## gave you a review.','2015-12-30 13:51:04'),(2,'MSG','##notifier## messaged you.','2015-12-30 13:51:21'),(3,'INQR','You have new inquiry from ##notifier##','2015-12-30 13:51:23'),(4,'REVW','##notifier## gave you a review.','2015-12-30 13:51:35'),(5,'MSG','##notifier## messaged you.','2015-12-30 13:51:37'),(6,'REVW','##notifier## gave you a review.','2015-12-30 13:51:43'),(7,'MSG','##notifier## messaged you.','2015-12-30 13:51:46'),(8,'REVW','##notifier## gave you a review.','2015-12-30 13:56:38'),(9,'REVW','##notifier## gave you a review.','2015-12-30 14:00:58'),(10,'MSG','##notifier## messaged you.','2015-12-30 14:01:40'),(11,'REVW','##notifier## gave you a review.','2015-12-30 14:45:49'),(12,'MSG','##notifier## messaged you.','2015-12-30 14:45:54'),(13,'REVW','##notifier## gave you a review.','2015-12-31 02:07:32'),(14,'MSG','##notifier## messaged you.','2015-12-31 02:07:43'),(15,'REVW','##notifier## gave you a review.','2015-12-31 07:41:21'),(16,'REVW','##notifier## gave you a review.','2016-01-02 17:10:51'),(17,'REVW','##notifier## gave you a review.','2016-01-02 17:10:59'),(18,'MSG','##notifier## messaged you.','2016-01-02 17:11:00'),(19,'REVW','##notifier## gave you a review.','2016-01-04 08:49:38'),(20,'REVW','##notifier## gave you a review.','2016-01-04 08:49:40'),(21,'REVW','##notifier## gave you a review.','2016-01-04 08:49:40'),(22,'MSG','##notifier## messaged you.','2016-01-04 08:49:42'),(23,'MSG','##notifier## messaged you.','2016-01-04 08:49:44'),(24,'MSG','##notifier## messaged you.','2016-01-04 08:49:45'),(25,'MSG','##notifier## messaged you.','2016-01-04 08:49:46'),(26,'MSG','##notifier## messaged you.','2016-01-04 08:49:47'),(27,'MSG','##notifier## messaged you.','2016-01-04 08:49:49'),(28,'MSG','##notifier## messaged you.','2016-01-04 08:49:50'),(29,'INQR','You have new inquiry from ##notifier##','2016-01-04 08:49:51'),(30,'SUBS','##subscribedUser## posted new ad.','2016-01-04 08:49:53'),(31,'SUBS','##subscribedUser## posted new ad.','2016-01-04 08:49:54'),(32,'SUBS','##fullname## subscribed to your store.','2016-01-04 08:49:55'),(33,'SUBS','##subscribedUser## posted new ad.','2016-01-04 08:52:28'),(34,'SUBS','##subscribedUser## posted new ad.','2016-01-04 08:52:30'),(35,'SUBS','##subscribedUser## posted new ad.','2016-01-04 08:52:31'),(36,'MSG','##notifier## messaged you.','2016-01-04 09:05:36'),(37,'SUBS','##fullname## subscribed to your store.','2016-01-04 09:06:21'),(38,'SUBS','##fullname## subscribed to your store.','2016-01-04 09:45:20'),(39,'SUBS','##subscribedUser## posted new ad.','2016-01-04 09:47:03'),(40,'SUBS','##subscribedUser## posted new ad.','2016-01-04 09:47:51'),(41,'SUBS','##subscribedUser## posted new ad.','2016-01-04 09:47:52'),(42,'SUBS','##subscribedUser## posted new ad.','2016-01-04 09:47:52'),(43,'SUBS','##subscribedUser## posted new ad.','2016-01-04 09:47:52'),(44,'SUBS','##subscribedUser## posted new ad.','2016-01-04 09:47:52'),(45,'SUBS','##subscribedUser## posted new ad.','2016-01-04 09:47:52'),(46,'SUBS','##subscribedUser## posted new ad.','2016-01-04 09:48:47'),(47,'SUBS','##subscribedUser## posted new ad.','2016-01-04 09:48:47'),(48,'SUBS','##fullname## subscribed to your store.','2016-01-04 11:20:40'),(49,'SUBS','stepheljobs posted new ad.','2016-01-04 13:19:54'),(50,'SUBS','##fullname## subscribed to your store.','2016-01-04 14:18:10'),(51,'SUBS','ozmY8cbj2NnpJxUsankpOgmkssubscribed to your store.','2016-01-04 21:05:44'),(52,'SUBS','john_michael_ong posted new ad.','2016-01-04 22:58:04'),(53,'SUBS','stepheljobs posted new ad.','2016-01-04 23:02:48'),(54,'SUBS','john_michael_ongsubscribed to your store.','2016-01-04 23:36:59'),(55,'SUBS','stepheljobs posted new ad.','2016-01-05 00:31:29'),(56,'SUBS','MrospNy2IXeS3QfXdEHBzyTNvsubscribed to your store.','2016-01-05 00:38:17'),(57,'SUBS','jhonlance_37@yahoo.comsubscribed to your store.','2016-01-05 09:14:58'),(58,'REVW','##notifier## gave you a review.','2016-01-05 10:23:10'),(59,'SUBS','mariabebe posted new ad.','2016-01-06 02:21:23'),(60,'SUBS','john_michael_ong posted new ad.','2016-01-07 09:17:53'),(61,'SUBS','conangrabssubscribed to your store.','2016-01-18 13:18:53'),(62,'SUBS','conangrabssubscribed to your store.','2016-01-18 13:18:53'),(63,'SUBS','conangrabssubscribed to your store.','2016-01-18 13:18:53'),(64,'SUBS','conangrabssubscribed to your store.','2016-01-18 13:18:53'),(65,'SUBS','conangrabssubscribed to your store.','2016-01-18 13:18:53'),(66,'SUBS','stephelgeorgemaca@gmail.com posted new ad.','2016-01-18 13:18:59'),(67,'SUBS','john_michael_ong posted new ad.','2016-01-18 13:24:21'),(68,'SUBS','alvindavid@gmail.com posted new ad.','2016-01-25 05:59:42'),(69,'SUBS','mikesantiago@gmail.com posted new ad.','2016-01-25 06:10:14'),(70,'SUBS','brayanocampo posted new ad.','2016-01-25 07:34:08'),(71,'SUBS','kathlynflores@yahoo.com posted new ad.','2016-01-25 07:41:38'),(72,'SUBS','kathlynflores@yahoo.com posted new ad.','2016-01-25 07:43:47'),(73,'SUBS','jaysonferrer@gmail.com posted new ad.','2016-01-25 07:45:14'),(74,'SUBS','kathlynflores@yahoo.com posted new ad.','2016-01-25 07:46:05'),(75,'SUBS','janecruz@gmail.com posted new ad.','2016-01-25 07:51:00'),(76,'SUBS','ailyntorres@gmail.com posted new ad.','2016-01-25 07:55:05'),(77,'SUBS','kathlynflores@yahoo.com posted new ad.','2016-01-25 08:07:51'),(78,'SUBS','arnolddemesa@gmail.com posted new ad.','2016-01-25 08:18:05'),(79,'SUBS','janecruz@gmail.com posted new ad.','2016-01-25 08:19:46'),(80,'SUBS','sonnygutierres posted new ad.','2016-01-25 08:37:08'),(81,'SUBS','juliusbautista@gmail.com posted new ad.','2016-01-25 08:38:49'),(82,'SUBS','ralphbuenaventura posted new ad.','2016-01-25 08:42:51'),(83,'SUBS','martinlumibao posted new ad.','2016-01-25 08:54:14'),(84,'SUBS','christianguevarra posted new ad.','2016-01-25 09:04:01'),(85,'SUBS','alvindavid@gmail.com posted new ad.','2016-01-25 10:06:07'),(86,'SUBS','mikesantiago@gmail.com posted new ad.','2016-01-25 11:43:11'),(87,'SUBS','anthonyteoxon posted new ad.','2016-01-25 12:54:48'),(88,'SUBS','stephelgeorgemaca@gmail.comsubscribed to your store.','2016-01-25 12:55:10'),(89,'SUBS','jaysonferrer@gmail.com posted new ad.','2016-01-26 06:16:54'),(90,'SUBS','arnolddemesa@gmail.com posted new ad.','2016-01-26 06:38:58'),(91,'SUBS','juliusbautista@gmail.com posted new ad.','2016-01-26 06:47:55'),(92,'SUBS','alvindavid@gmail.com posted new ad.','2016-01-26 07:15:58'),(93,'SUBS','mikesantiago@gmail.com posted new ad.','2016-01-26 07:48:44'),(94,'SUBS','jaysonferrer@gmail.com posted new ad.','2016-01-26 11:18:40'),(95,'SUBS','stepheljobs posted new ad.','2016-01-27 02:00:51'),(96,'SUBS','stepheljobs posted new ad.','2016-01-27 02:20:30'),(97,'SUBS','janecruz@gmail.com posted new ad.','2016-01-27 04:46:41'),(98,'SUBS','kathlynflores@yahoo.com posted new ad.','2016-01-27 05:44:25'),(99,'SUBS','ailyntorres@gmail.com posted new ad.','2016-01-27 06:18:46'),(100,'SUBS','arnolddemesa@gmail.com posted new ad.','2016-01-27 07:11:29'),(101,'SUBS','brayanocampo posted new ad.','2016-01-27 07:13:48'),(102,'SUBS','juliusbautista@gmail.com posted new ad.','2016-01-27 07:27:17'),(103,'SUBS','martinlumibao posted new ad.','2016-01-27 07:30:36'),(104,'SUBS','alvindavid@gmail.com posted new ad.','2016-01-27 07:39:45'),(105,'SUBS','ralphbuenaventura posted new ad.','2016-01-27 07:40:33'),(106,'SUBS','christianguevarra posted new ad.','2016-01-27 07:43:56'),(107,'SUBS','mikesantiago@gmail.com posted new ad.','2016-01-27 07:49:59'),(108,'SUBS','brayanocampo posted new ad.','2016-01-27 07:55:42'),(109,'SUBS','christianguevarra posted new ad.','2016-01-27 07:59:26'),(110,'SUBS','ralphbuenaventura posted new ad.','2016-01-27 08:02:27'),(111,'SUBS','jaysonferrer@gmail.com posted new ad.','2016-01-27 08:06:05'),(112,'SUBS','christianguevarra posted new ad.','2016-01-27 08:11:30'),(113,'SUBS','arnolddemesa@gmail.com posted new ad.','2016-01-27 09:02:35'),(114,'SUBS','kathlynflores@yahoo.com posted new ad.','2016-01-28 04:03:24'),(115,'SUBS','janecruz@gmail.com posted new ad.','2016-01-28 04:08:41'),(116,'SUBS','juliusbautista@gmail.com posted new ad.','2016-01-28 08:37:23'),(117,'SUBS','alvindavid@gmail.com posted new ad.','2016-01-28 10:07:11'),(118,'SUBS','christianguevarra posted new ad.','2016-01-29 02:39:51'),(119,'SUBS','john@gmail.com posted new ad.','2016-01-29 03:43:46'),(120,'SUBS','kenneth@gmail.com posted new ad.','2016-01-29 03:50:24'),(121,'SUBS','vanessa@gmail.com posted new ad.','2016-01-29 04:08:38'),(122,'SUBS','kathlynflores@yahoo.com posted new ad.','2016-01-29 04:12:41'),(123,'SUBS','brayanocampo posted new ad.','2016-01-29 04:15:16'),(124,'SUBS','martinlumibao posted new ad.','2016-01-29 05:48:41'),(125,'SUBS','ralphbuenaventura posted new ad.','2016-01-29 05:59:39'),(126,'SUBS','monica@angelinvestmentnetwork.net posted new ad.','2016-01-29 06:44:49'),(127,'SUBS','akamidorikin68@gmail.com posted new ad.','2016-01-29 06:45:02'),(128,'SUBS','monica@angelinvestmentnetwork.net posted new ad.','2016-01-29 06:46:18'),(129,'SUBS','akamidorikin68@gmail.com posted new ad.','2016-01-29 06:48:15'),(130,'SUBS','sonnygutierrez posted new ad.','2016-01-29 06:56:24'),(131,'SUBS','mikesantiago@gmail.com posted new ad.','2016-01-29 09:11:35'),(132,'SUBS','john_michael_ong posted new ad.','2016-01-29 09:41:34'),(133,'SUBS','cherubin988@gmail.com posted new ad.','2016-01-30 14:36:33'),(134,'SUBS','cherubin988@gmail.com posted new ad.','2016-01-30 14:57:37'),(135,'SUBS','cherubin988@gmail.com posted new ad.','2016-01-30 15:31:47'),(136,'SUBS','akamidorikin68@gmail.com posted new ad.','2016-01-30 23:00:47'),(137,'SUBS','akamidorikin68@gmail.com posted new ad.','2016-01-31 16:29:20'),(138,'SUBS','erilla_roger@yahoo.com posted new ad.','2016-01-31 23:45:41'),(139,'SUBS','erilla_roger@yahoo.com posted new ad.','2016-01-31 23:46:55'),(140,'SUBS','erilla_roger@yahoo.com posted new ad.','2016-01-31 23:48:26'),(141,'SUBS','sonnygutierrez posted new ad.','2016-02-01 03:38:52'),(142,'SUBS','brayanocampo posted new ad.','2016-02-01 04:04:35'),(143,'SUBS','christianguevarra posted new ad.','2016-02-01 04:10:49'),(144,'SUBS','martinlumibao posted new ad.','2016-02-01 04:13:49'),(145,'SUBS','ralphbuenaventura posted new ad.','2016-02-01 04:27:02'),(146,'SUBS','arnolddemesa@gmail.com posted new ad.','2016-02-01 05:56:05'),(147,'SUBS','janecruz@gmail.com posted new ad.','2016-02-01 05:59:02'),(148,'SUBS','kathlynflores@yahoo.com posted new ad.','2016-02-01 06:01:11'),(149,'SUBS','ailyntorres@gmail.com posted new ad.','2016-02-01 06:03:06'),(150,'SUBS','juliusbautista@gmail.com posted new ad.','2016-02-01 06:10:13'),(151,'SUBS','alvindavid@gmail.com posted new ad.','2016-02-01 06:41:04'),(152,'SUBS','mikesantiago@gmail.com posted new ad.','2016-02-01 07:18:39'),(153,'SUBS','jaysonferrer@gmail.com posted new ad.','2016-02-01 07:40:58'),(154,'SUBS','Esmamerr_24 posted new ad.','2016-02-01 14:33:50'),(155,'SUBS','ralphbuenaventura posted new ad.','2016-02-02 03:23:54'),(156,'SUBS','brayanocampo posted new ad.','2016-02-02 03:57:10'),(157,'SUBS','christianguevarra posted new ad.','2016-02-02 04:23:47'),(158,'SUBS','martinlumibao posted new ad.','2016-02-02 05:35:09'),(159,'SUBS','sonnygutierrez posted new ad.','2016-02-02 05:42:27'),(160,'SUBS','ailyntorres@gmail.com posted new ad.','2016-02-02 06:05:43'),(161,'SUBS','john@gmail.com posted new ad.','2016-02-02 06:07:45'),(162,'SUBS','vanessa@gmail.com posted new ad.','2016-02-02 06:09:58'),(163,'SUBS','christine@gmail.com posted new ad.','2016-02-02 06:12:00'),(164,'SUBS','kenneth@gmail.com posted new ad.','2016-02-02 06:18:39'),(165,'SUBS','kathlynflores@yahoo.com posted new ad.','2016-02-02 06:23:07'),(166,'SUBS','ivysolomon posted new ad.','2016-02-02 06:32:06'),(167,'SUBS','ivysolomon posted new ad.','2016-02-02 06:40:38'),(168,'SUBS','ivysolomon posted new ad.','2016-02-02 06:44:07'),(169,'SUBS','ivysolomon posted new ad.','2016-02-02 06:56:04'),(170,'SUBS','ivysolomon posted new ad.','2016-02-02 07:01:20'),(171,'SUBS','piarod posted new ad.','2016-02-02 07:21:21'),(172,'SUBS','arnolddemesa@gmail.com posted new ad.','2016-02-02 07:26:03'),(173,'SUBS','piarod posted new ad.','2016-02-02 07:32:22'),(174,'SUBS','juliusbautista@gmail.com posted new ad.','2016-02-02 07:34:47'),(175,'SUBS','alvindavid@gmail.com posted new ad.','2016-02-02 07:45:05'),(176,'SUBS','mikesantiago@gmail.com posted new ad.','2016-02-02 07:56:27'),(177,'SUBS','jaysonferrer@gmail.com posted new ad.','2016-02-02 08:30:34'),(178,'SUBS','kathlynflores@yahoo.com posted new ad.','2016-02-03 06:13:29'),(179,'SUBS','ailyntorres@gmail.com posted new ad.','2016-02-03 06:14:57'),(180,'SUBS','janecruz@gmail.com posted new ad.','2016-02-03 06:17:25'),(181,'SUBS','kenneth@gmail.com posted new ad.','2016-02-03 06:19:15'),(182,'SUBS','christine@gmail.com posted new ad.','2016-02-03 06:22:50'),(183,'SUBS','sonnygutierrez posted new ad.','2016-02-03 06:51:51'),(184,'SUBS','brayanocampo posted new ad.','2016-02-03 07:27:35'),(185,'SUBS','christianguevarra posted new ad.','2016-02-03 07:31:39'),(186,'SUBS','martinlumibao posted new ad.','2016-02-03 07:36:38'),(187,'SUBS','ralphbuenaventura posted new ad.','2016-02-03 07:42:24'),(188,'SUBS','arnolddemesa@gmail.com posted new ad.','2016-02-03 07:45:58'),(189,'SUBS','juliusbautista@gmail.com posted new ad.','2016-02-03 08:21:01'),(190,'SUBS','trafalgar_lawsubscribed to your store.','2016-02-03 08:22:39'),(191,'SUBS','alvindavid@gmail.com posted new ad.','2016-02-03 08:33:59'),(192,'SUBS','mikesantiago@gmail.com posted new ad.','2016-02-03 08:48:46'),(193,'SUBS','jaysonferrer@gmail.com posted new ad.','2016-02-03 08:59:40'),(194,'SUBS','Lance Kanto Region subscribed to your account.','2016-02-03 10:54:55'),(195,'SUBS','valientegomezsantos@yahoo.com posted new ad.','2016-02-03 12:01:31'),(196,'SUBS','stephelgatessubscribed to your store.','2016-02-04 02:20:52'),(197,'SUBS','stepheljobs posted new ad.','2016-02-04 02:32:31'),(198,'SUBS','stepheljobs posted new ad.','2016-02-04 02:47:21'),(199,'SUBS','stepheljobs posted new ad.','2016-02-04 02:49:16'),(200,'SUBS','stepheljobs posted new ad.','2016-02-04 02:50:40'),(201,'SUBS','stepheljobs posted new ad.','2016-02-04 02:52:21'),(202,'SUBS','stepheljobs posted new ad.','2016-02-04 03:05:17'),(203,'SUBS','stepheljobs posted new ad.','2016-02-04 03:15:35'),(204,'SUBS','john_michael_ong posted new ad.','2016-02-04 04:00:36'),(205,'SUBS','john_michael_ong posted new ad.','2016-02-04 04:01:58'),(206,'SUBS','sonnygutierrez posted new ad.','2016-02-04 04:09:35'),(207,'SUBS','##subscribedUser## posted new ad.','2016-02-04 06:27:35'),(208,'SUBS','##subscribedUser## posted new ad.','2016-02-04 06:27:38'),(209,'SUBS','##subscribedUser## posted new ad.','2016-02-04 06:27:54'),(210,'INQR','You have new inquiry from ##notifier##','2016-02-04 06:27:56'),(211,'MSG','##notifier## messaged you.','2016-02-04 06:27:57'),(212,'SUBS','##subscribedUser## posted new ad.','2016-02-04 06:28:14'),(213,'SUBS','##subscribedUser## posted new ad.','2016-02-04 06:28:16'),(214,'SUBS','##subscribedUser## posted new ad.','2016-02-04 06:28:16'),(215,'SUBS','##subscribedUser## posted new ad.','2016-02-04 06:28:16'),(216,'SUBS','##subscribedUser## posted new ad.','2016-02-04 06:29:08'),(217,'SUBS','##subscribedUser## posted new ad.','2016-02-04 06:57:55'),(218,'SUBS','##subscribedUser## posted new ad.','2016-02-04 07:01:02'),(219,'SUBS','arnolddemesa@gmail.com posted new ad.','2016-02-04 08:34:13'),(220,'SUBS','juliusbautista@gmail.com posted new ad.','2016-02-04 09:20:47'),(221,'SUBS','mikesantiago@gmail.com posted new ad.','2016-02-04 11:00:11'),(222,'SUBS','jaysonferrer@gmail.com posted new ad.','2016-02-04 11:08:41'),(223,'SUBS','arnolddemesa@gmail.com posted new ad.','2016-02-04 11:16:10'),(224,'SUBS','akamidorikin68@gmail.com posted new ad.','2016-02-05 04:19:25'),(225,'SUBS','akamidorikin68@gmail.com posted new ad.','2016-02-05 04:21:05'),(226,'SUBS','Stephel Maca subscribed to your store.','2016-02-05 06:25:28'),(227,'SUBS','anthonyteoxonsubscribed to your store.','2016-02-05 06:26:48'),(228,'SUBS','john@gmail.com posted new ad.','2016-02-05 06:50:47'),(229,'SUBS','john_michael_ong posted new ad.','2016-02-05 07:39:19'),(230,'SUBS','john_michael_ong posted new ad.','2016-02-05 09:26:47'),(231,'SUBS','john@gmail.com posted new ad.','2016-02-05 10:29:47'),(232,'SUBS','christine@gmail.com posted new ad.','2016-02-05 10:44:39'),(233,'SUBS','kenneth@gmail.com posted new ad.','2016-02-05 10:46:25'),(234,'SUBS','kenneth@gmail.com posted new ad.','2016-02-05 10:51:03'),(235,'SUBS','ailyntorres@gmail.com posted new ad.','2016-02-05 10:56:15'),(236,'SUBS','christine@gmail.com posted new ad.','2016-02-05 11:21:23'),(237,'SUBS','brayanocamposubscribed to your store.','2016-02-05 12:51:07'),(238,'SUBS','monica@angelinvestmentnetwork.net posted new ad.','2016-02-07 04:00:41'),(239,'SUBS','monica@angelinvestmentnetwork.net posted new ad.','2016-02-07 04:01:38'),(240,'SUBS','akamidorikin68@gmail.com posted new ad.','2016-02-07 10:07:46'),(241,'SUBS','akamidorikin68@gmail.com posted new ad.','2016-02-07 10:10:44'),(242,'SUBS','Timscol posted new ad.','2016-02-07 21:54:02'),(243,'SUBS','Joann Cepeda Santos posted new ad.','2016-02-09 16:05:16'),(244,'SUBS','john_michael_ong posted new ad.','2016-02-10 04:13:06'),(245,'SUBS','brayanocampo posted new ad.','2016-02-11 03:22:29'),(246,'SUBS','christianguevarra posted new ad.','2016-02-11 03:25:33'),(247,'SUBS','martinlumibao posted new ad.','2016-02-11 03:37:37'),(248,'SUBS','MarketlinkPH posted new ad.','2016-02-11 03:42:30'),(249,'SUBS','ralphbuenaventura posted new ad.','2016-02-11 03:42:38'),(250,'SUBS','sonnygutierrez posted new ad.','2016-02-11 03:50:17'),(251,'SUBS','sonnygutierrez posted new ad.','2016-02-12 07:04:07'),(252,'SUBS','brayanocampo posted new ad.','2016-02-12 07:17:50'),(253,'SUBS','christianguevarra posted new ad.','2016-02-12 07:27:59'),(254,'SUBS','martinlumibao posted new ad.','2016-02-12 07:45:48'),(255,'SUBS','ralphbuenaventura posted new ad.','2016-02-12 07:48:18'),(256,'SUBS','john_michael_ong posted new ad.','2016-02-12 08:17:24'),(257,'SUBS','john_michael_ong posted new ad.','2016-02-12 10:24:52'),(258,'SUBS','john_michael_ong posted new ad.','2016-02-12 10:26:57'),(259,'SUBS','john_michael_ong posted new ad.','2016-02-12 10:27:31'),(260,'SUBS','john_michael_ong posted new ad.','2016-02-12 10:27:33'),(261,'SUBS','john_michael_ong posted new ad.','2016-02-12 10:27:38'),(262,'SUBS','john_michael_ong posted new ad.','2016-02-12 10:28:13'),(263,'SUBS','john_michael_ong posted new ad.','2016-02-12 10:29:28'),(264,'SUBS','mell posted new ad.','2016-02-12 13:20:33'),(265,'SUBS','stepheljobs posted new ad.','2016-02-13 05:24:17'),(266,'SUBS','valientegomezsantos@yahoo.com posted new ad.','2016-02-13 10:29:03'),(267,'SUBS','jamelariega@outlook.com posted new ad.','2016-02-13 18:01:25'),(268,'SUBS','john deleon subscribed to your store.','2016-02-14 14:38:30'),(269,'SUBS','anthonyteoxon posted new ad.','2016-02-15 17:00:47'),(270,'SUBS','anthonyteoxon posted new ad.','2016-02-15 17:03:35'),(271,'SUBS','john@gmail.com posted new ad.','2016-02-15 17:04:59'),(272,'SUBS','john_michael_ong posted new ad.','2016-02-15 17:05:07'),(273,'SUBS','john@gmail.com posted new ad.','2016-02-15 17:05:09'),(274,'SUBS','john@gmail.com posted new ad.','2016-02-15 17:05:38'),(275,'SUBS','Yohan Tenma subscribed to your store.','2016-02-15 17:59:49'),(276,'SUBS','stepheljobs posted new ad.','2016-02-15 18:14:07'),(277,'SUBS','yohantenma1 posted new ad.','2016-02-15 18:30:56'),(278,'SUBS','stepheljobs posted new ad.','2016-02-15 18:31:41'),(279,'SUBS','stepheljobs posted new ad.','2016-02-15 18:35:14'),(280,'SUBS','Abdul Muqse posted new ad.','2016-02-15 18:37:14'),(281,'SUBS','Abdul Muqse posted new ad.','2016-02-15 18:37:14'),(282,'SUBS','Abdul Muqse posted new ad.','2016-02-15 18:37:14'),(283,'SUBS','Abdul Muqse posted new ad.','2016-02-15 18:37:14'),(284,'SUBS','Abdul Muqse posted new ad.','2016-02-15 18:37:14'),(285,'SUBS','yohantenma posted new ad.','2016-02-16 06:16:41'),(286,'SUBS','john_michael_ong posted new ad.','2016-02-16 06:20:34'),(287,'SUBS','john_michael_ong posted new ad.','2016-02-16 06:22:03'),(288,'SUBS','john_michael_ong posted new ad.','2016-02-16 06:51:31'),(289,'SUBS','john_michael_ong posted new ad.','2016-02-16 06:55:23'),(290,'SUBS','john_michael_ong posted new ad.','2016-02-16 06:56:43'),(291,'SUBS','john_michael_ong posted new ad.','2016-02-16 06:57:51'),(292,'SUBS','john_michael_ong posted new ad.','2016-02-16 06:59:14'),(293,'SUBS','john_michael_ong posted new ad.','2016-02-16 07:04:13'),(294,'SUBS','john_michael_ong posted new ad.','2016-02-16 07:05:24'),(295,'SUBS','john_michael_ong posted new ad.','2016-02-16 07:06:43'),(296,'SUBS','yohantenma9 posted new ad.','2016-02-17 09:02:07'),(297,'SUBS','Yohan Tenma 7 subscribed to your store.','2016-02-17 09:05:42'),(298,'SUBS','yohantenma7 posted new ad.','2016-02-17 09:15:38'),(299,'SUBS','Yohan Tenma 10 subscribed to your store.','2016-02-17 09:48:47'),(300,'SUBS','Kouya Marino posted new ad.','2016-02-17 10:08:46'),(301,'SUBS','stepheljobs posted new ad.','2016-02-17 13:17:07'),(302,'SUBS','stepheljobs posted new ad.','2016-02-17 13:18:26'),(303,'SUBS','stepheljobs posted new ad.','2016-02-17 13:18:55'),(304,'SUBS','stepheljobs posted new ad.','2016-02-17 13:59:16'),(305,'SUBS','Anaru001 posted new ad.','2016-02-17 20:51:06'),(306,'SUBS','akamidorikin68@gmail.com posted new ad.','2016-02-18 13:32:40'),(307,'SUBS','akamidorikin68@gmail.com posted new ad.','2016-02-18 13:34:54'),(308,'SUBS','yohantenma7 posted new ad.','2016-02-19 07:04:08'),(309,'SUBS','John Michael Peñalosa Ong posted new ad.','2016-02-19 07:06:50'),(310,'SUBS','Yohan Tenma 20 subscribed to your store.','2016-02-19 07:13:09'),(311,'SUBS','Larry Deguzman subscribed to your store.','2016-02-19 07:14:52'),(312,'SUBS','john@gmail.com posted new ad.','2016-02-20 06:10:40'),(313,'SUBS','Yohantenma 30 subscribed to your store.','2016-02-21 10:43:06'),(314,'SUBS','yohantenma31 posted new ad.','2016-02-21 10:51:09'),(315,'SUBS','john_michael_ong posted new ad.','2016-02-21 15:35:43'),(316,'SUBS','John Michael Peñalosa Ong posted new ad.','2016-02-21 15:48:45'),(317,'SUBS','john_michael_ong posted new ad.','2016-02-21 18:44:03'),(318,'SUBS','Yohantenma 31 subscribed to your store.','2016-02-22 06:46:28'),(319,'SUBS','Yohantenma 40 subscribed to your store.','2016-02-22 07:19:24'),(320,'SUBS','john_michael_ong posted new ad.','2016-02-22 07:51:19'),(321,'SUBS','valientegomezsantos@yahoo.com posted new ad.','2016-02-23 12:21:16'),(322,'SUBS','Anaru001 posted new ad.','2016-02-24 17:17:08'),(323,'SUBS','Anaru001 posted new ad.','2016-02-24 17:17:08'),(324,'SUBS','mobilegadgetstoreltd posted new ad.','2016-02-25 05:18:39'),(325,'SUBS','mobilegadgetstoreltd posted new ad.','2016-02-25 05:50:45'),(326,'SUBS','mobilegadgetstoreltd posted new ad.','2016-02-25 05:56:35'),(327,'SUBS','mobilegadgetstoreltd posted new ad.','2016-02-25 05:58:45'),(328,'SUBS','mobilegadgetstoreltd posted new ad.','2016-02-25 06:01:31'),(329,'SUBS','Ricky Boy Batac Olivera posted new ad.','2016-02-25 11:18:40'),(330,'SUBS','Ricky Boy Batac Olivera posted new ad.','2016-02-25 11:19:44'),(331,'SUBS','Ricky Boy Batac Olivera posted new ad.','2016-02-25 11:25:12'),(332,'SUBS','Ricky Boy Batac Olivera posted new ad.','2016-02-25 11:26:21'),(333,'SUBS','akamidorikin68@gmail.com posted new ad.','2016-02-25 13:01:56'),(334,'SUBS','akamidorikin68@gmail.com posted new ad.','2016-02-25 13:01:56'),(335,'SUBS','humamjawad posted new ad.','2016-02-27 10:09:27'),(336,'SUBS','jamelariega@outlook.com posted new ad.','2016-02-28 21:20:21'),(337,'SUBS','jamelariega@outlook.com posted new ad.','2016-02-28 21:21:23'),(338,'SUBS','jamelariega@outlook.com posted new ad.','2016-02-28 21:23:07'),(339,'SUBS','bong posted new ad.','2016-02-29 00:49:59'),(340,'SUBS','bong posted new ad.','2016-02-29 00:52:30'),(341,'SUBS','bong posted new ad.','2016-02-29 00:54:06'),(342,'SUBS','bong posted new ad.','2016-02-29 00:55:49');
/*!40000 ALTER TABLE `notification_messages` ENABLE KEYS */;
UNLOCK TABLES;

--
-- Table structure for table `notifications`
--

DROP TABLE IF EXISTS `notifications`;
/*!40101 SET @saved_cs_client     = @@character_set_client */;
/*!40101 SET character_set_client = utf8 */;
CREATE TABLE `notifications` (
  `id` bigint(18) NOT NULL AUTO_INCREMENT,
  `user_id` varchar(255) DEFAULT NULL,
  `notified_by` varchar(255) NOT NULL,
  `notification_message_id` bigint(18) NOT NULL,
  `viewed` tinyint(1) NOT NULL DEFAULT '1',
  `last_viewed_at` datetime DEFAULT NULL,
  `created_at` datetime DEFAULT NULL,
  PRIMARY KEY (`id`)
) ENGINE=InnoDB AUTO_INCREMENT=139 DEFAULT CHARSET=latin1;
/*!40101 SET character_set_client = @saved_cs_client */;

--
-- Dumping data for table `notifications`
--

LOCK TABLES `notifications` WRITE;
/*!40000 ALTER TABLE `notifications` DISABLE KEYS */;
INSERT INTO `notifications` VALUES (1,'17Vk6TDZsm','17Vk6TDZsm',1,0,'2015-12-30 13:51:04','2015-12-30 13:51:04'),(2,'17Vk6TDZsm','17Vk6TDZsm',2,0,'2015-12-30 13:51:21','2015-12-30 13:51:21'),(3,'17Vk6TDZsm','17Vk6TDZsm',3,0,'2015-12-30 13:51:23','2015-12-30 13:51:23'),(4,'17Vk6TDZsm','17Vk6TDZsm',4,0,'2015-12-30 13:51:35','2015-12-30 13:51:35'),(5,'17Vk6TDZsm','17Vk6TDZsm',5,0,'2015-12-30 13:51:37','2015-12-30 13:51:37'),(6,'17Vk6TDZsm','17Vk6TDZsm',6,0,'2015-12-30 13:51:43','2015-12-30 13:51:43'),(7,'17Vk6TDZsm','17Vk6TDZsm',7,0,'2015-12-30 13:51:46','2015-12-30 13:51:46'),(8,'17Vk6TDZsm','17Vk6TDZsm',8,0,'2015-12-30 13:56:38','2015-12-30 13:56:38'),(9,'17Vk6TDZsm','17Vk6TDZsm',9,0,'2015-12-30 14:00:58','2015-12-30 14:00:58'),(10,'17Vk6TDZsm','17Vk6TDZsm',10,0,'2015-12-30 14:01:40','2015-12-30 14:01:40'),(11,'17Vk6TDZsm','17Vk6TDZsm',11,0,'2015-12-30 14:45:49','2015-12-30 14:45:49'),(12,'17Vk6TDZsm','17Vk6TDZsm',12,0,'2015-12-30 14:45:55','2015-12-30 14:45:55'),(13,'8bE85ulbjm','8bE85ulbjm',13,0,'2015-12-31 02:07:32','2015-12-31 02:07:32'),(14,'8bE85ulbjm','8bE85ulbjm',14,0,'2015-12-31 02:07:43','2015-12-31 02:07:43'),(15,'8bE85ulbjm','8bE85ulbjm',15,0,'2015-12-31 07:41:21','2015-12-31 07:41:21'),(16,'8bE85ulbjm','8bE85ulbjm',16,0,'2016-01-02 17:10:51','2016-01-02 17:10:51'),(17,'8bE85ulbjm','8bE85ulbjm',17,0,'2016-01-02 17:10:59','2016-01-02 17:10:59'),(18,'8bE85ulbjm','8bE85ulbjm',18,0,'2016-01-02 17:11:00','2016-01-02 17:11:00'),(19,'17Vk6TDZsm','17Vk6TDZsm',19,0,'2016-01-04 08:49:38','2016-01-04 08:49:38'),(20,'17Vk6TDZsm','17Vk6TDZsm',20,0,'2016-01-04 08:49:40','2016-01-04 08:49:40'),(21,'17Vk6TDZsm','17Vk6TDZsm',21,0,'2016-01-04 08:49:40','2016-01-04 08:49:40'),(22,'17Vk6TDZsm','17Vk6TDZsm',22,0,'2016-01-04 08:49:42','2016-01-04 08:49:42'),(23,'17Vk6TDZsm','17Vk6TDZsm',23,0,'2016-01-04 08:49:44','2016-01-04 08:49:44'),(24,'17Vk6TDZsm','17Vk6TDZsm',24,0,'2016-01-04 08:49:45','2016-01-04 08:49:45'),(25,'17Vk6TDZsm','17Vk6TDZsm',25,0,'2016-01-04 08:49:46','2016-01-04 08:49:46'),(26,'17Vk6TDZsm','17Vk6TDZsm',26,0,'2016-01-04 08:49:47','2016-01-04 08:49:47'),(27,'17Vk6TDZsm','17Vk6TDZsm',27,0,'2016-01-04 08:49:49','2016-01-04 08:49:49'),(28,'17Vk6TDZsm','17Vk6TDZsm',28,0,'2016-01-04 08:49:50','2016-01-04 08:49:50'),(29,'17Vk6TDZsm','17Vk6TDZsm',29,0,'2016-01-04 08:49:51','2016-01-04 08:49:51'),(30,'8bE85ulbjm','17Vk6TDZsm',32,0,'2016-01-04 08:49:55','2016-01-04 08:49:55'),(31,'17Vk6TDZsm','17Vk6TDZsm',36,0,'2016-01-04 09:05:36','2016-01-04 09:05:36'),(32,'8bE85ulbjm','bbsi12345',37,0,'2016-01-04 09:06:21','2016-01-04 09:06:21'),(33,'mikeong','stevejobs',38,0,'2016-01-04 09:45:20','2016-01-04 09:45:20'),(34,'9bwlBDWDks','vUvyv2ek3D',48,0,'2016-01-04 11:20:40','2016-01-04 11:20:40'),(35,'vUvyv2ek3D','9bwlBDWDks',49,0,'2016-01-04 13:19:54','2016-01-04 13:19:54'),(36,'vUvyv2ek3D','9bwlBDWDks',50,0,'2016-01-04 14:18:10','2016-01-04 14:18:10'),(37,'9bwlBDWDks','2luZywf1bQ',51,0,'2016-01-04 21:05:44','2016-01-04 21:05:44'),(38,'tbXnjRFs3u','cZRl2WWe5H',54,0,'2016-01-04 23:36:59','2016-01-04 23:36:59'),(39,'cZRl2WWe5H','S4qj82Txqd',56,0,'2016-01-05 00:38:17','2016-01-05 00:38:17'),(40,'tbXnjRFs3u','xlRREf2x0Y',57,0,'2016-01-05 09:14:58','2016-01-05 09:14:58'),(41,'8bE85ulbjm','8bE85ulbjm',58,0,'2016-01-05 10:23:10','2016-01-05 10:23:10'),(42,'qGZeTPD14W','0ZtMljDZZm',61,0,'2016-01-18 13:18:53','2016-01-18 13:18:53'),(43,'qGZeTPD14W','0ZtMljDZZm',62,0,'2016-01-18 13:18:53','2016-01-18 13:18:53'),(44,'qGZeTPD14W','0ZtMljDZZm',63,0,'2016-01-18 13:18:53','2016-01-18 13:18:53'),(45,'qGZeTPD14W','0ZtMljDZZm',64,0,'2016-01-18 13:18:53','2016-01-18 13:18:53'),(46,'qGZeTPD14W','0ZtMljDZZm',65,0,'2016-01-18 13:18:53','2016-01-18 13:18:53'),(47,'wX0ySg6VaZ','MLPWKrYvy9',88,0,'2016-01-25 12:55:10','2016-01-25 12:55:10'),(48,'n4RYQ2sPpT','zrY5KvuqWn',190,0,'2016-02-03 08:22:39','2016-02-03 08:22:39'),(49,'n4RYQ2sPpT','R0xmsQcJyI',194,0,'2016-02-03 10:54:55','2016-02-03 10:54:55'),(50,'zEArAa6XUn','ajVRIILZcd',196,0,'2016-02-04 02:20:52','2016-02-04 02:20:52'),(51,'17Vk6TDZsm','17Vk6TDZsm',210,0,'2016-02-04 06:27:56','2016-02-04 06:27:56'),(52,'17Vk6TDZsm','17Vk6TDZsm',211,0,'2016-02-04 06:27:57','2016-02-04 06:27:57'),(53,'E02dnvl4O5','MLPWKrYvy9',226,0,'2016-02-05 06:25:28','2016-02-05 06:25:28'),(54,'E02dnvl4O5','wX0ySg6VaZ',227,0,'2016-02-05 06:26:48','2016-02-05 06:26:48'),(55,'MLPWKrYvy9','E02dnvl4O5',231,0,'2016-02-05 10:29:47','2016-02-05 10:29:47'),(56,'wX0ySg6VaZ','E02dnvl4O5',231,0,'2016-02-05 10:29:47','2016-02-05 10:29:47'),(57,'E02dnvl4O5','cIzmDSh0HX',237,0,'2016-02-05 12:51:07','2016-02-05 12:51:07'),(58,'zrY5KvuqWn','n4RYQ2sPpT',244,0,'2016-02-10 04:13:06','2016-02-10 04:13:06'),(59,'R0xmsQcJyI','n4RYQ2sPpT',244,0,'2016-02-10 04:13:06','2016-02-10 04:13:06'),(60,'zrY5KvuqWn','n4RYQ2sPpT',256,0,'2016-02-12 08:17:24','2016-02-12 08:17:24'),(61,'R0xmsQcJyI','n4RYQ2sPpT',256,0,'2016-02-12 08:17:24','2016-02-12 08:17:24'),(62,'zrY5KvuqWn','n4RYQ2sPpT',257,0,'2016-02-12 10:24:52','2016-02-12 10:24:52'),(63,'R0xmsQcJyI','n4RYQ2sPpT',257,0,'2016-02-12 10:24:52','2016-02-12 10:24:52'),(64,'zrY5KvuqWn','n4RYQ2sPpT',258,0,'2016-02-12 10:26:57','2016-02-12 10:26:57'),(65,'R0xmsQcJyI','n4RYQ2sPpT',258,0,'2016-02-12 10:26:57','2016-02-12 10:26:57'),(66,'zrY5KvuqWn','n4RYQ2sPpT',259,0,'2016-02-12 10:27:31','2016-02-12 10:27:31'),(67,'R0xmsQcJyI','n4RYQ2sPpT',259,0,'2016-02-12 10:27:31','2016-02-12 10:27:31'),(68,'zrY5KvuqWn','n4RYQ2sPpT',260,0,'2016-02-12 10:27:33','2016-02-12 10:27:33'),(69,'R0xmsQcJyI','n4RYQ2sPpT',260,0,'2016-02-12 10:27:33','2016-02-12 10:27:33'),(70,'zrY5KvuqWn','n4RYQ2sPpT',261,0,'2016-02-12 10:27:38','2016-02-12 10:27:38'),(71,'R0xmsQcJyI','n4RYQ2sPpT',261,0,'2016-02-12 10:27:38','2016-02-12 10:27:38'),(72,'zrY5KvuqWn','n4RYQ2sPpT',262,0,'2016-02-12 10:28:13','2016-02-12 10:28:13'),(73,'R0xmsQcJyI','n4RYQ2sPpT',262,0,'2016-02-12 10:28:13','2016-02-12 10:28:13'),(74,'zrY5KvuqWn','n4RYQ2sPpT',263,0,'2016-02-12 10:29:28','2016-02-12 10:29:28'),(75,'R0xmsQcJyI','n4RYQ2sPpT',263,0,'2016-02-12 10:29:28','2016-02-12 10:29:28'),(76,'ajVRIILZcd','zEArAa6XUn',265,0,'2016-02-13 05:24:17','2016-02-13 05:24:17'),(77,'mykvnzDXNR','E02dnvl4O5',268,0,'2016-02-14 14:38:30','2016-02-14 14:38:30'),(78,'MLPWKrYvy9','wX0ySg6VaZ',269,0,'2016-02-15 17:00:47','2016-02-15 17:00:47'),(79,'MLPWKrYvy9','wX0ySg6VaZ',270,0,'2016-02-15 17:03:35','2016-02-15 17:03:35'),(80,'MLPWKrYvy9','E02dnvl4O5',271,0,'2016-02-15 17:04:59','2016-02-15 17:04:59'),(81,'wX0ySg6VaZ','E02dnvl4O5',271,0,'2016-02-15 17:04:59','2016-02-15 17:04:59'),(82,'cIzmDSh0HX','E02dnvl4O5',271,0,'2016-02-15 17:04:59','2016-02-15 17:04:59'),(83,'zrY5KvuqWn','n4RYQ2sPpT',272,0,'2016-02-15 17:05:07','2016-02-15 17:05:07'),(84,'R0xmsQcJyI','n4RYQ2sPpT',272,0,'2016-02-15 17:05:07','2016-02-15 17:05:07'),(85,'MLPWKrYvy9','E02dnvl4O5',273,0,'2016-02-15 17:05:09','2016-02-15 17:05:09'),(86,'wX0ySg6VaZ','E02dnvl4O5',273,0,'2016-02-15 17:05:09','2016-02-15 17:05:09'),(87,'cIzmDSh0HX','E02dnvl4O5',273,0,'2016-02-15 17:05:09','2016-02-15 17:05:09'),(88,'MLPWKrYvy9','E02dnvl4O5',274,0,'2016-02-15 17:05:38','2016-02-15 17:05:38'),(89,'wX0ySg6VaZ','E02dnvl4O5',274,0,'2016-02-15 17:05:38','2016-02-15 17:05:38'),(90,'cIzmDSh0HX','E02dnvl4O5',274,0,'2016-02-15 17:05:38','2016-02-15 17:05:38'),(91,'fOXfAo23OB','fOXfAo23OB',275,0,'2016-02-15 17:59:49','2016-02-15 17:59:49'),(92,'ajVRIILZcd','zEArAa6XUn',276,0,'2016-02-15 18:14:07','2016-02-15 18:14:07'),(93,'ajVRIILZcd','zEArAa6XUn',278,0,'2016-02-15 18:31:41','2016-02-15 18:31:41'),(94,'ajVRIILZcd','zEArAa6XUn',279,0,'2016-02-15 18:35:14','2016-02-15 18:35:14'),(95,'fOXfAo23OB','fOXfAo23OB',285,0,'2016-02-16 06:16:41','2016-02-16 06:16:41'),(96,'zrY5KvuqWn','n4RYQ2sPpT',286,0,'2016-02-16 06:20:34','2016-02-16 06:20:34'),(97,'R0xmsQcJyI','n4RYQ2sPpT',286,0,'2016-02-16 06:20:34','2016-02-16 06:20:34'),(98,'zrY5KvuqWn','n4RYQ2sPpT',287,0,'2016-02-16 06:22:03','2016-02-16 06:22:03'),(99,'R0xmsQcJyI','n4RYQ2sPpT',287,0,'2016-02-16 06:22:03','2016-02-16 06:22:03'),(100,'zrY5KvuqWn','n4RYQ2sPpT',288,0,'2016-02-16 06:51:31','2016-02-16 06:51:31'),(101,'R0xmsQcJyI','n4RYQ2sPpT',288,0,'2016-02-16 06:51:31','2016-02-16 06:51:31'),(102,'zrY5KvuqWn','n4RYQ2sPpT',289,0,'2016-02-16 06:55:23','2016-02-16 06:55:23'),(103,'R0xmsQcJyI','n4RYQ2sPpT',289,0,'2016-02-16 06:55:23','2016-02-16 06:55:23'),(104,'zrY5KvuqWn','n4RYQ2sPpT',290,0,'2016-02-16 06:56:43','2016-02-16 06:56:43'),(105,'R0xmsQcJyI','n4RYQ2sPpT',290,0,'2016-02-16 06:56:43','2016-02-16 06:56:43'),(106,'zrY5KvuqWn','n4RYQ2sPpT',291,0,'2016-02-16 06:57:51','2016-02-16 06:57:51'),(107,'R0xmsQcJyI','n4RYQ2sPpT',291,0,'2016-02-16 06:57:51','2016-02-16 06:57:51'),(108,'zrY5KvuqWn','n4RYQ2sPpT',292,0,'2016-02-16 06:59:14','2016-02-16 06:59:14'),(109,'R0xmsQcJyI','n4RYQ2sPpT',292,0,'2016-02-16 06:59:14','2016-02-16 06:59:14'),(110,'zrY5KvuqWn','n4RYQ2sPpT',293,0,'2016-02-16 07:04:13','2016-02-16 07:04:13'),(111,'R0xmsQcJyI','n4RYQ2sPpT',293,0,'2016-02-16 07:04:13','2016-02-16 07:04:13'),(112,'zrY5KvuqWn','n4RYQ2sPpT',294,0,'2016-02-16 07:05:24','2016-02-16 07:05:24'),(113,'R0xmsQcJyI','n4RYQ2sPpT',294,0,'2016-02-16 07:05:24','2016-02-16 07:05:24'),(114,'zrY5KvuqWn','n4RYQ2sPpT',295,0,'2016-02-16 07:06:43','2016-02-16 07:06:43'),(115,'R0xmsQcJyI','n4RYQ2sPpT',295,0,'2016-02-16 07:06:43','2016-02-16 07:06:43'),(116,'HMeZfpQ2L1','GTiSmsQEYL',297,0,'2016-02-17 09:05:42','2016-02-17 09:05:42'),(117,'HMeZfpQ2L1','QGOEbPrVWj',299,0,'2016-02-17 09:48:47','2016-02-17 09:48:47'),(118,'ajVRIILZcd','zEArAa6XUn',301,0,'2016-02-17 13:17:07','2016-02-17 13:17:07'),(119,'ajVRIILZcd','zEArAa6XUn',302,0,'2016-02-17 13:18:26','2016-02-17 13:18:26'),(120,'ajVRIILZcd','zEArAa6XUn',303,0,'2016-02-17 13:18:55','2016-02-17 13:18:55'),(121,'ajVRIILZcd','zEArAa6XUn',304,0,'2016-02-17 13:59:16','2016-02-17 13:59:16'),(122,'GTiSmsQEYL','Jd0L2VxQd5',310,0,'2016-02-19 07:13:09','2016-02-19 07:13:09'),(123,'GTiSmsQEYL','7uECGUKOvx',311,0,'2016-02-19 07:14:52','2016-02-19 07:14:52'),(124,'MLPWKrYvy9','E02dnvl4O5',312,0,'2016-02-20 06:10:40','2016-02-20 06:10:40'),(125,'wX0ySg6VaZ','E02dnvl4O5',312,0,'2016-02-20 06:10:40','2016-02-20 06:10:40'),(126,'cIzmDSh0HX','E02dnvl4O5',312,0,'2016-02-20 06:10:40','2016-02-20 06:10:40'),(127,'GTiSmsQEYL','0yEyRhy7d0',313,0,'2016-02-21 10:43:06','2016-02-21 10:43:06'),(128,'zrY5KvuqWn','n4RYQ2sPpT',315,0,'2016-02-21 15:35:43','2016-02-21 15:35:43'),(129,'R0xmsQcJyI','n4RYQ2sPpT',315,0,'2016-02-21 15:35:43','2016-02-21 15:35:43'),(130,'zrY5KvuqWn','n4RYQ2sPpT',317,0,'2016-02-21 18:44:03','2016-02-21 18:44:03'),(131,'R0xmsQcJyI','n4RYQ2sPpT',317,0,'2016-02-21 18:44:03','2016-02-21 18:44:03'),(132,'GTiSmsQEYL','bSkS9AAqxE',318,0,'2016-02-22 06:46:28','2016-02-22 06:46:28'),(133,'bSkS9AAqxE','fqOyyn4I0b',319,0,'2016-02-22 07:19:24','2016-02-22 07:19:24'),(134,'zrY5KvuqWn','n4RYQ2sPpT',320,0,'2016-02-22 07:51:19','2016-02-22 07:51:19'),(135,'R0xmsQcJyI','n4RYQ2sPpT',320,0,'2016-02-22 07:51:19','2016-02-22 07:51:19'),(136,'E02dnvl4O5','mykvnzDXNR',336,0,'2016-02-28 21:20:21','2016-02-28 21:20:21'),(137,'E02dnvl4O5','mykvnzDXNR',337,0,'2016-02-28 21:21:23','2016-02-28 21:21:23'),(138,'E02dnvl4O5','mykvnzDXNR',338,0,'2016-02-28 21:23:07','2016-02-28 21:23:07');
/*!40000 ALTER TABLE `notifications` ENABLE KEYS */;
UNLOCK TABLES;

--
-- Table structure for table `subscribers`
--

DROP TABLE IF EXISTS `subscribers`;
/*!40101 SET @saved_cs_client     = @@character_set_client */;
/*!40101 SET character_set_client = utf8 */;
CREATE TABLE `subscribers` (
  `id` bigint(20) NOT NULL AUTO_INCREMENT,
  `user_id` varchar(255) NOT NULL,
  `subscriber_id` varchar(255) NOT NULL,
  `status` tinyint(4) NOT NULL DEFAULT '1',
  `subscribe_date` datetime DEFAULT NULL,
  PRIMARY KEY (`id`)
) ENGINE=InnoDB AUTO_INCREMENT=31 DEFAULT CHARSET=latin1;
/*!40101 SET character_set_client = @saved_cs_client */;

--
-- Dumping data for table `subscribers`
--

LOCK TABLES `subscribers` WRITE;
/*!40000 ALTER TABLE `subscribers` DISABLE KEYS */;
INSERT INTO `subscribers` VALUES (1,'8bE85ulbjm','17Vk6TDZsm',1,'2016-01-04 08:49:55'),(2,'8bE85ulbjm','bbsi12345',1,'2016-01-04 09:06:21'),(3,'mikeong','stevejobs',1,'2016-01-04 09:45:20'),(4,'9bwlBDWDks','vUvyv2ek3D',1,'2016-01-04 11:20:40'),(5,'vUvyv2ek3D','9bwlBDWDks',1,'2016-01-04 14:18:10'),(6,'9bwlBDWDks','2luZywf1bQ',1,'2016-01-04 21:05:44'),(7,'tbXnjRFs3u','cZRl2WWe5H',1,'2016-01-04 23:36:59'),(8,'cZRl2WWe5H','S4qj82Txqd',1,'2016-01-05 00:38:17'),(9,'tbXnjRFs3u','xlRREf2x0Y',1,'2016-01-05 09:14:58'),(10,'qGZeTPD14W','0ZtMljDZZm',1,'2016-01-18 13:18:53'),(11,'qGZeTPD14W','0ZtMljDZZm',1,'2016-01-18 13:18:53'),(12,'qGZeTPD14W','0ZtMljDZZm',1,'2016-01-18 13:18:53'),(13,'qGZeTPD14W','0ZtMljDZZm',1,'2016-01-18 13:18:53'),(14,'qGZeTPD14W','0ZtMljDZZm',1,'2016-01-18 13:18:53'),(15,'wX0ySg6VaZ','MLPWKrYvy9',1,'2016-01-25 12:55:10'),(16,'n4RYQ2sPpT','zrY5KvuqWn',1,'2016-02-03 08:22:39'),(17,'n4RYQ2sPpT','R0xmsQcJyI',1,'2016-02-03 10:54:55'),(18,'zEArAa6XUn','ajVRIILZcd',1,'2016-02-04 02:20:52'),(19,'E02dnvl4O5','MLPWKrYvy9',1,'2016-02-05 06:25:28'),(20,'E02dnvl4O5','wX0ySg6VaZ',1,'2016-02-05 06:26:48'),(21,'E02dnvl4O5','cIzmDSh0HX',1,'2016-02-05 12:51:07'),(22,'mykvnzDXNR','E02dnvl4O5',1,'2016-02-14 14:38:30'),(23,'fOXfAo23OB','fOXfAo23OB',1,'2016-02-15 17:59:49'),(24,'HMeZfpQ2L1','GTiSmsQEYL',1,'2016-02-17 09:05:42'),(25,'HMeZfpQ2L1','QGOEbPrVWj',1,'2016-02-17 09:48:47'),(26,'GTiSmsQEYL','Jd0L2VxQd5',1,'2016-02-19 07:13:09'),(27,'GTiSmsQEYL','7uECGUKOvx',1,'2016-02-19 07:14:52'),(28,'GTiSmsQEYL','0yEyRhy7d0',1,'2016-02-21 10:43:06'),(29,'GTiSmsQEYL','bSkS9AAqxE',1,'2016-02-22 06:46:28'),(30,'bSkS9AAqxE','fqOyyn4I0b',1,'2016-02-22 07:19:24');
/*!40000 ALTER TABLE `subscribers` ENABLE KEYS */;
UNLOCK TABLES;

--
-- Table structure for table `users`
--

DROP TABLE IF EXISTS `users`;
/*!40101 SET @saved_cs_client     = @@character_set_client */;
/*!40101 SET character_set_client = utf8 */;
CREATE TABLE `users` (
  `id` varchar(255) NOT NULL,
  `username` varchar(255) NOT NULL,
  `fullname` varchar(255) NOT NULL,
  `last_viewed_notification` datetime DEFAULT NULL,
  PRIMARY KEY (`id`)
) ENGINE=InnoDB DEFAULT CHARSET=latin1;
/*!40101 SET character_set_client = @saved_cs_client */;

--
-- Dumping data for table `users`
--

LOCK TABLES `users` WRITE;
/*!40000 ALTER TABLE `users` DISABLE KEYS */;
INSERT INTO `users` VALUES ('0hRy1wKeeG','Bonbon Cayas','bonbon324@gmail.com',NULL),('0HVzY1BOtE','vicson cartojano','esuoh100@yahoo.com',NULL),('0yEyRhy7d0','yohantenma30','Yohantenma 30',NULL),('0ZtMljDZZm','Richard Rivera','conangrabs',NULL),('1amIcknn2u','winston owen','winston.owen06@gmail.com',NULL),('1r4m0Jl6I8','ANNLUMOYA','annlumoya@yahoo.com',NULL),('1uNVSE4MF4','Jayson Diaz','jaysondiaz@gmail.com',NULL),('2mzJyFJ6Kj','John Rey Iguin','reyiguin@yahoo.com',NULL),('2obPvL0Gzf','ralphbuenaventura','ralph buenaventura',NULL),('2rOrhGKkY3','aries ocampo','aries.ocampo26@gmail.com',NULL),('37v8NGlmYO','Maricar baculo','MAgustin320@gmail.com',NULL),('3b7KCWe4Oe','Alvan Malik','sales.suntronics@gmail.com',NULL),('3WXbwFZLKz','asdf','asasas',NULL),('43uRrx8N4r','michelle cruz','mitch@yahoo.com',NULL),('4AMx3aTMUS','MultiRational','jamillah.tanhueco@multirational.com',NULL),('4BjzGqAxlI','John Michael','qwe@yahoo.com',NULL),('4uISxunKjW','catherine j. espinoza','cate.mahoosai30@gmail.com',NULL),('4WO0YW2VnR','arnel d. briones','boie.briones@yahoo.com',NULL),('5hvU2owF9Y','zyrie','june.23@yahoo.com',NULL),('613GEdCMwr','Jaime Espiritu','jaime20@gmail.com',NULL),('61rvKGM8DX','jonjonsanchez@gmail.com','jonjonsanchez@gmail.com',NULL),('64WkdIjMt2','Jay Arevalo','stardibs01@gmail.com',NULL),('6gkUZN3ISF','Lenie Simon','leniesimon@gmail.com',NULL),('6jqcEeyvg0','aksjaksj','kajskajs',NULL),('6MzsMCFe7m','James Gaffud','jamesgaffud@gmail.com',NULL),('7bp5S8GhRS','Jason Williams','jasonwilliams24@gmail.com',NULL),('7JLrF8Dii4','Ricky Boy Batac Olivera','Ricky Boy Batac Olivera',NULL),('7l0uGqLbjB','Deguzman','Richmond',NULL),('7mpsvhcxKj','Jessabel olivar medalla','Jessabelcueto@yahoo.com',NULL),('7qpfjJew9h','Artemio cordeño Ongleo jr. ','jhunongleo@gmail.com',NULL),('7uECGUKOvx','Larry Deguzman','larrydeguzman@gmail.com',NULL),('8EPnfRRHh7','a vidajoy@yahoo.com','avidajoy@yahoo.com',NULL),('8paF2WwJTj','Arthurreof','k.o.re.s3.hk2.i.n.21.3@gmail.com',NULL),('9iHNkLi7jC','JosephRramos','josephramos@gmail.com',NULL),('9lIz39HS5J','OMAR KHALID','BENY7744',NULL),('A2Epgfzq00','Travel & Tours','AbundancePH16',NULL),('a3bArc1KRb','marvin torres','myplumber08@gmail.com',NULL),('AfIlYwCMnb','John Michael Peñalosa Ong','John Michael Peñalosa Ong',NULL),('Ag7ES8G36C','joann santos','joanncepedasantos@yahoo.com',NULL),('aGlNaIlqBv','colin roger','colinroger17@gmail.com',NULL),('aIPYUsaTTZ','VoNuG','geraldosi@mail.ru',NULL),('AkJhB1sNf5','Melanie Cordez','mcordez@nteksystems.com',NULL),('AprSQ5lJko','patch winter','patch.winter10@gmail.com',NULL),('aq8YyETTKy','Sky Savior','janjan',NULL),('azORkWbxEv','Esmamerr Guerrero','Esmamerr_24',NULL),('B0LDeyZFG5','Andie Zafra','zd222015@gmail.com',NULL),('b74WUZ4jNi','Paulene Domingo','paulenedomingo@gmail.com',NULL),('BGf71HnBNy','emorales','Enna',NULL),('bGKhBJQbk2','Jenny Mabayon','coldhearted07@gmail.com',NULL),('bHfy9veGEV','markhospital','markhospital45@gmail.com',NULL),('bI8CpdxRR0','dangwa malabanan','vangieolivera1@gmail.com',NULL),('bJa26dQmXp','iPostMo','ipostmo@gmail.com',NULL),('BK80UJYm0D','ailyn torres','ailyntorres@gmail.com',NULL),('BoPMiQ32sv','ayoservices','ayoservices@yahoo.com',NULL),('BOuvi1TP4D','JZLB','jzlbofficesupplies',NULL),('BPFYvHwgzl','Rosalyn Bajas','rosalyn@gmail.com',NULL),('bQshSDWr4E','Roger Santiago','rogersantiago@gmail.com',NULL),('BrlGbXDMmN','poster1','poster1',NULL),('bSkS9AAqxE','yohantenma31','Yohantenma 31',NULL),('BUXCMjtxVh','haha','aaaaaaa@yahoo.com',NULL),('bXBE18pMwW','Mark Ferrer','seostardibs@gmail.com',NULL),('bXTHfygFiM','cheelou','johncazzie@gmail.com',NULL),('bZ3LUZYSLc','Jenny Cruz','jennycruz@gmail.com',NULL),('CBn7oqkSAn','PartyWorks Manila','partyworksm@yahoo.com',NULL),('ccK3tumZhk','Rico Guzman','rd8guzman@yahoo.com',NULL),('CiLGVVSP9I','Olsen Nuestro','olsen@gmail.com',NULL),('cIzmDSh0HX','brayanocampo','bryan ocampo',NULL),('Co2i5wdKsn','Kouya Marino','Kouya Marino',NULL),('cVVFgi3IBR','Kathlyn Flores','kathlynflores@yahoo.com',NULL),('Cy1fasOvYE','Miguel Reyes','miguelito@gmail.com',NULL),('d5gh7I3a96','Joann Cepeda Santos','Joann Cepeda Santos',NULL),('d5KZE1hNCF','Pia Marie Rodriguez','piarod',NULL),('DaTuDkTKDJ','Marie Lapuz','stardibs.logistics@gmail.com',NULL),('dB5PCgmQpC','trust fund limited','trustfundlimited1@gmail.com',NULL),('dDMMeRWfXw','aries ocampo','konicepurchasing@yahoo.com.ph',NULL),('DECHMSZML5','Farnc City','ebp319@gmail.com',NULL),('DeMjd8wrNG','Ivy Solomon','ivysolomon',NULL),('DenLGPWdH3','store','store4more',NULL),('DHAUsYKhYr','Paolo Flores','paoloflores@gmail.com',NULL),('dovXefLfjx','dory umalsa','dory.siacmetro@gmail.com',NULL),('DuIhV8GmHj','Bettina Abat','bcamille143@gmail.com',NULL),('E02dnvl4O5','john@gmail.com','john deleon',NULL),('e0JRhtdJg5','Rogelio Salvacion','iamkhoy2012@gmail.com',NULL),('EAl2SW41C4','yohantenma41','Yohan Tenma 41',NULL),('eApdYJJEAt','Alvin David','alvindavid@gmail.com',NULL),('EdNttQhE7V','Avha Olegario','costulesscomph',NULL),('eIafaVe98B','Richards Baldez','digitalmarketing45business@gmail.com',NULL),('ej8B2rB6DP','Paul Marlon Santos','paulmarlonsantos@gmail.com',NULL),('Ep7HZS9WU7','Andrea Mendoza','andream',NULL),('epfQ05qpYP','martinlumibao','martin lumibao',NULL),('eu2pr2osb4','joann santos','joanncepedasantos@mailinator.com',NULL),('EuqeW9ul3E','ricky uy','eic_kiss@yahoo.com',NULL),('EXI1MYw5vU','iskomoreno','fmd1024@gmail.com',NULL),('fcVcJzvpJw','jham salonga','jhamsalonga214@gmail.com',NULL),('fEVlWKjKXs','kajsakjs','kajskajsk',NULL),('ffzo8JvRjK','MoNuG','resartot@mail.ru',NULL),('fkf8HrGQc0','Gilbert Gobis','gilbertgobis@gmail.com',NULL),('flkVr5nVRt','Star Dust','stardibs244',NULL),('fMntECgeci','Joyce Capili','joyce@gmail.com',NULL),('fpIQ4dPgkB','jhenzine','jhenzine1',NULL),('fqOyyn4I0b','yohantenma40','Yohantenma 40',NULL),('fRxIKQCsyH','Michaelpt','russelltitoitep@mail.ru',NULL),('FTKuVjndkm','Joann Santos','joanncsantos@yahoo.com',NULL),('fXxjcqQKxU','SoNuG','kurtvikson@mail.ru',NULL),('g933eJZm7m','Sheryl Roxas','sherylroxas@gmail.com',NULL),('gAHi6RGYon','Mariano Mejia','marmejia',NULL),('GcKs9BF8Ra','ricky uy','ric_kiss@yahoo.com',NULL),('gE3vQaOSLD','Jeff Micael T. Magluyan','jeffmicael1327@gmail.com',NULL),('Gfb0trR4H7','Winifreda Gregorio','winngregorio_11@yahoo.com',NULL),('ghLJBIStHc','Eugenema','eugenekew11@outlook.com',NULL),('gKfGeVqy0R','Shaswati Shefali','shaswati.shefali@gmail.com',NULL),('Gr2KEBag36','Five Star Standard College','FSSCofficial',NULL),('GTiSmsQEYL','yohantenma7','Yohan Tenma 7',NULL),('GX7ICwurYt','axel ryder','axel.ryder03@gmail.com',NULL),('gy83psWQlZ','valientegomezsantos@yahoo.com','Val G. Santos',NULL),('Gze40CcIn1','monica@angelinvestmentnetwork.net','Monica Shrestha',NULL),('h9hJ15soQo','Arthurreof','ko.r.es.3h.k2.in.21.3@gmail.com',NULL),('HBSsjiqnpK','Bianca Solomon','biancasolomon@gmail.com',NULL),('hcW6sV7fL0','Jayson Bautista','jaysonbautista@gmail.com',NULL),('heV4gUMEDx','Jayson Ferrer','jaysonferrer@gmail.com',NULL),('HMeZfpQ2L1','yohantenma9','Yohan Tenma 9',NULL),('HqqQhOoO3x','Jay Ereneta','erenetja@hotmail.com',NULL),('hTV16jzIfb','christianguevarra','christian guevarra',NULL),('HvSyBDqgfr','Ruben Acero','rubenacero@gmail.com',NULL),('I8MqAb4Hf9','stephel gates ','stephelgates',NULL),('I9UVlliR57','vencentocer','vencentocer21@gmail.com',NULL),('iaW8lRnZSE','Janice Reyes','janicereyes@gmail.com',NULL),('iBBD28YoG7','Greg Tuting','enzo_tutz@yahoo.com',NULL),('IBiLnA5QrK','meraliza','meraliza_rejoy@yahoo.com',NULL),('IEcZnDx9Y6','akamidorikin68@gmail.com','KNetshoppe',NULL),('IEkj2vcYVl','Mario Dela paz','mariodelapaz@gmail.com',NULL),('IeVcBJbKZk','Francis Santiago','fsy.pages@gmail.com',NULL),('iH4AXQUfsX','cristito ciocson jr.','cristitociocsonjr@yahoo.com',NULL),('IidIQfOQQT','toni duka','marie.rey15@yahoo.com',NULL),('iqPXzx4mKN','dory umalsa','dory.siacmetrophils@gmail.com',NULL),('ISsPwSdGsX','YTC Your Tutorial Center','ytckatipunan@gmail.com',NULL),('ISWDagY4r4','Giovanni Panganiban','eijem2000@yahoo.com',NULL),('IU9oehtHk9','Ace Cruz','acecruz56@gmail.com',NULL),('IViG8s7LfQ','jenifer ramos','jenifer@gmail.com',NULL),('IwuRMDJpxV','john_michael_ong1','John Michael Ong',NULL),('iXTxgV25QZ','myracanapi','myracanapi78@gmail.com',NULL),('iyBtfGctEZ','Raymond Geronimo','Raymond Geronimo',NULL),('iYTtr4ebtc','Cha Tang','ctlbc@ymail.com',NULL),('j1aRfY0sgO','Jhonnel Estalilla','jhonnelestalilla@yahoo.com',NULL),('j3SaORT8Hy','kenneth gonzaga','kenneth@gmail.com',NULL),('J5oG8pdulm','John Michael Ong','John Michael Ong',NULL),('J70xxeIPe2','daniel alemorin padenio','wwwdanielpadenio@email.com',NULL),('j7NOl5XdVp','johndaniel','daniearmamento',NULL),('JbWg1bdHYr','Nicole Gotis','nicolegotis@gmail.com',NULL),('Jd0L2VxQd5','yohantenma20','Yohan Tenma 20',NULL),('JfneI0veVg','Junald L. Oncada','jungoy',NULL),('Jg0gaDTUet','evangelinetabiado','evangelinetabiado@gmail.com',NULL),('JI3PxZKJEE','Jeffrey Santillan','jeffreysantillan@gmail.com',NULL),('JKTtzlGkib','Chachelle Prinsloo','ajacelle@gmail.com',NULL),('jp7J5bHypp','nicky pierce','nicky.pierce09@gmail.com',NULL),('JSz8f2aTw7','Andrea Manlapas','andreamanlapas@gmail.com',NULL),('juc6FikcJY','Leny Martinez','lenydgm',NULL),('jw2Yxs3shY','Test Account','aaa@yahoo.com',NULL),('jxMa7syU4s','Riko Ah','Riko Ah',NULL),('Jz4ZKiFByY','xoprincessxo','cloewhite@telexperience.com',NULL),('K7vSwvxRHc','Jeannette Penalosa Ong','Jeannette Penalosa Ong',NULL),('KbbZCovLKp','Alexander Ong','Alexander Ong',NULL),('kcUF7LFaT5','egmalabanan','egmalabanan@yahoo.com',NULL),('kcwgXQ98oo','Jane Cruz','janecruz@gmail.com',NULL),('KdpA5XE3un','Romano Baldez','romano12@gmail.com',NULL),('kDZk6TTzIo','jewmalabanan','jewmalabanan',NULL),('KDzy12Ww62','Abdul Muqse','PhilipBuhari1',NULL),('KjCssPauUM','FoNuG','raregas@mail.ru',NULL),('Kkf5adOLic','Yolly Alcantara','digitalmarketing4business@gmail.com',NULL),('kKLmlcPg2g','yohantenma42','Yohantenma 42',NULL),('koxZgOVdDU','chelsee','lappaypamela@gmail.com',NULL),('kPPjMJjbDd','Dean Emerson Beltran','deanatics',NULL),('KqQpUqgg90','Stephel George Maca','pamintamassacre@yahoo.com',NULL),('KrtclR6whO','Josephtacsan','josephtacsan19@gmail.com',NULL),('KrVVCOzR5J','vicson cartojano','vicson_0015@yahoo.com',NULL),('ktLy6GPRbe','joann santos','joannsantos@mailinator.com',NULL),('KwQxNffe3O','pamela lappay','cazziepham@gmail.com',NULL),('LfuLTI1QN6','humamjawad','Humam Jawad',NULL),('loxIkadtOz','FoNuG','seramnk@mail.ru',NULL),('LToJl2IG5L','roger erilla','erilla_roger@yahoo.com',NULL),('LvjGuvyYtl','karl joseph colina','mark_japon1989@yahoo.com',NULL),('LwWAJjenHb','Christian Catubo','christian@gmail.com',NULL),('LZVGB7slA6','emer poblador','poblador_emer@yahoo.com',NULL),('M1WeTvpWPN','Mae Salazar','ronacuerao21@gmail.com',NULL),('MCodDayBMx','gigimatas','gigimatas52@gmail.com',NULL),('MIBcZ4Yfgu','vangie tabiado','abhiegaeltabiado@yahoo.com',NULL),('MLPWKrYvy9','stephelgeorgemaca@gmail.com','Stephel Maca',NULL),('mQUdYtSAtD','lucbannerry@yahoo.com','nerry123',NULL),('mRXyz9ipKi','hmmm','johnong14377@gmail.com',NULL),('mtZMaUkklA','Rudolf Gutierrez','rudolfgutierrez02@gmail.com',NULL),('mykvnzDXNR','jamelariega@outlook.com','jamel ariega',NULL),('mzAM8kcIVh','cheryl abratique','cheryl_abratique@yahoo.com',NULL),('N19QW8Dn4T','fem mercado','femylynm@outlook.com',NULL),('n4RYQ2sPpT','john_michael_ong','John Michael Ong1',NULL),('nBH9FSFzLw','Jen-Jen Bajas','defantejanjan@gmail.com',NULL),('nCic2n9Zks','jham salonga','marcodimaculangan1@gmail.com',NULL),('NIJti7yn28','jorge torres','tjoriel@gmail.com',NULL),('NKW5KqwZcI','Roger Dimapilis','roger@gmail.com',NULL),('nKZNjSvyFs','Mila Cuenca','mila42@gmail.com',NULL),('oAnWGtmnqC','','B65YhgeJ2zi37QWVDnRTgEFmT',NULL),('Ob3vOf8yQp','','tT28Uz2ulujTkgwVeDe6LtOji',NULL),('ohlbxuj5GK','Rina Dizon','rinadizon@gmail.com',NULL),('OlMQeS0wTp','bong','bongfrangco',NULL),('orCIvgkbdX','GoNuG','erastog@mail.ru',NULL),('OudabJGZZ1','chinace','zyrie.faye@yahoo.com',NULL),('oxdJdYJbyr','VoNuG','wertasomah@mail.ru',NULL),('OY8Lq1bsdv','Dominic Azarcon','dominicazarcon@gmail.com',NULL),('P12o9Tfs4B','Ben Cruz','ipostmo.com@gmail.com',NULL),('P1Q153PkmO','joann santos','joanncepedasantos@gmail.com',NULL),('p4wvH50TgT','arianne','arianne.23@yahoo.com',NULL),('P6gGgI41Pf','Naciancino Catubig','naciancino@gmail.com',NULL),('p76InQYq6C','cash dylan','cash.dylan02@gmail.com',NULL),('pcF34u6GWz','yourhouse','homenhomenhome@yahoo.com',NULL),('pIpbqQSCr3','Brando Rivera','Brando Rivera',NULL),('pN8wZnmAxj','test_name','trafalgarlaw1443@gmail.com',NULL),('pUxbAQwXfW','Ken Molina','stardibs014@gmail.com',NULL),('q07GGJDlYZ','Arnold Demesa','arnolddemesa@gmail.com',NULL),('q0Y9lhYSkK','Doug Watson','doug@lalagunavillas.com.ph',NULL),('q6tdHPVuxh','EugeneSalm','danielves24@outlook.com',NULL),('q9mjYK7Qgg','Ann shella narag','Annshellalopeznarag@gmail.com',NULL),('QAxEcupYHG','ramon agapito','meliodas.zephyr7@gmail.com',NULL),('QGOEbPrVWj','yohantenma10','Yohan Tenma 10',NULL),('qGZeTPD14W','Travel & Tours','AbundancePH',NULL),('qHglCO9VZg','FoNuG','resatoper@mail.ru',NULL),('qmTiUfbKp2','LoNuG','herasumiba@mail.ru',NULL),('qNo65bDhNo','Jamel Usman','damidollz',NULL),('R3adYvaC2z','Esmie Salpito','esmie@gmail.com',NULL),('r5FzAABcmr','marlon tan','tanmarlon47@gmail.com',NULL),('R5rxd3Qo6o','Vanessa Lopez','vanessalopez@gmail.com',NULL),('rABSsYITOj','Bejo Veraya','bejoveraya@gmail.com',NULL),('rAstQAZo7v','ganda pamela','gandapamela@gmail.com',NULL),('rczpl7h6Fl','poster2','poster2',NULL),('RgvoMeNbJt','posterize2','posterize2',NULL),('RMfMxH5XBZ','yohan tenma','testaccount@mailinator.com',NULL),('rphX90PD7o','Dennis Aguilar','dennisaguilar@gmail.com',NULL),('rQ37ehyvZ6','Kirito Kirigaya','Kirito Kirigaya',NULL),('rqO97VQ9Sd','Cevasielts','cevasieltslipabatangas@gmail.com',NULL),('RYXoj87XUw','ace','jdp.23@yahoo.com',NULL),('RyZKSGdDCp','','admin',NULL),('s5uF90sg6v','Rolly Jimenez','rollyjimenez@gmail.com',NULL),('S5wUhKWs3c','Liezl Ylanan Original','liezelylananoriginal@yahoo.com',NULL),('S89DZec0KS','Jan Christian','janchristianbajas@gmail.com',NULL),('sADcPHfQm4','lyryl23','lyryl.23@yahoo.com',NULL),('seT6x9RVz4','abcd','green@yahoo.com',NULL),('sgiY5067io','christine delosreyes','christine@gmail.com',NULL),('SkLaYivlOc','EdwardRix','rigatenko@mail.ru',NULL),('sleqnmD4pG','Jay Madlangbayan','coolkids24@gmail.com',NULL),('sLVT2OczKF','jocelyn quintos','jjqxiv@yahoo.com',NULL),('smUc1UnUzp','Phinma Properties','phinmapropertiescondo@gmail.com',NULL),('SVveDsqTke','joybatlag','joybatlag@gmail.com',NULL),('svVLg0Wlb4','Leah Rivera','leah@gmail.com',NULL),('TBECYWW9Bg','qwert101','fullname101',NULL),('tBNblvV1ci','Tim Collins','Timsco',NULL),('TMebxT3Bkf','Ryan Gomez','ryangomez@gmail.com',NULL),('tOH0HVLaCT','justo cabrera','justocabrera2001@yahoo.com',NULL),('TpuT2i3UjR','jeremy malabanan','jeremymalabanan214@gmail.com',NULL),('tReYnhIniZ','rante','movieposter.mall@yah',NULL),('TRqhGbQxYr','estermalabanan','estermalabanan4@gmail.com',NULL),('TshqUuPBou','Cheska Espiritu','cheska@gmail.com',NULL),('tUDeLClP4R','Testing Testing','testing@gmail.com',NULL),('TXQp2S3C1Z','Rey Yourpostersite.com','Rey Yourpostersite.com',NULL),('tyOmIkOjAH','hanny arellano','hannyarellano14@gmail.com',NULL),('tyxeTJTJUg','ace','ace.23@yahoo.com',NULL),('TZyuU9B6mr','jasper portuguese','granoboard@gmail.com',NULL),('U00WPdFaXY','summer s.+63919261611? wlang 1sang number?','639192616111smsonly@gmail.com',NULL),('ug1juOeKK7','Avyukta Intellicall ','seo@dialerphilippines.com',NULL),('UJilyoVAG9','Renato Mejia Dagsaan','renato_dagsaan@yahoo.com',NULL),('ULhJNGdp2d','Perlito Rivera','stardibs2014@gmail.com',NULL),('uqgl3gZzae','John Paul Nanolan Grabador','conangrabskun@gmail.com',NULL),('UqYg0GtEZy','jeddahlyn','jheddahlyn22@gmail.com',NULL),('URMm6m5dhA','Janjanboy','janjanb@gmail.com',NULL),('uUEUqMLCb9','test account','test@mailinator.com.sample',NULL),('UwEE7Gv6lO','Glyn Pacaldo Anos','glynanos17@gmail.com',NULL),('UxSzw8WQE3','Richard Manila','Richardmanila0517@gmail.com',NULL),('v5cIaD2D0K','Jayson Conti','jayson.conti@yahoo.com',NULL),('v6GBQjO8Dl','DJDiskoFunc','dj2015t5@mail.ru',NULL),('vbusvPfb0A','Jericho Sancho','stardibs14@gmail.com',NULL),('VebaQcjrmK','rose armamento','rosesarmamento123@gmail.com',NULL),('vGEauBUfeM','Rose Bertuldes','rosebertuldes@gmail.com',NULL),('viSomKb9xD','Dennis Castro','denniscastro@gmail.com',NULL),('VJf32fOTDI','Jhoana Marie Peñalosa Ong','Jhoana Marie Peñalosa Ong',NULL),('VkjWSmTja5','ortiz','joella',NULL),('vL2EnEuRo0','Johan Salarda','johansalarda',NULL),('vmH9ouz39o','jhoanna pelingon','maamjoanne_0513@yahoo.com',NULL),('VNCsgIjiPP','Cloyd Monsanto','cloyd.monsanto@yahoo.com',NULL),('vphbjLKdbN','test','trafalgarlaw1443@gmail.comtest',NULL),('Vs0MvMlpui','vanessa rivera','vanessa@gmail.com',NULL),('vvTCgfowsy','April escalo','jessyclaire07@yahoo.com',NULL),('VxDK0TUKba','Janni','bakantedotcom@gmail.com',NULL),('vxeZgD2c8O','Isaac Adams','comtechs06@gmail.com',NULL),('w48ty90gyj','Chavelle Andres','chavelle.scarlette@gmail.com',NULL),('w7rj56ENHH','rhia alegria','rhia_alegria@yahoo.com',NULL),('WBCheuzhpN','Asha Lian Berdil','asha.lian@gmail.com',NULL),('WDegoUYhck','Billy Tam','billyctam@gmail.com',NULL),('wFR2FlkdjS','princejevan erilla','prince',NULL),('WOXw5HCD6K','poster4','poster4',NULL),('Wqbf789UwQ','Mary Rhose Comahig','jhoanaflick@yahoo.com',NULL),('wsBAcMLhmN','Aviator Tutorial Services','aviator.tutorial@gmail.com',NULL),('Wv2Q74qSPc','Tammy Bail Reyes','tammy.bailey@gmail.com',NULL),('wX0ySg6VaZ','anthonyteoxon','Anthony D. Teoxon',NULL),('wzwS65N2qr','she sy','cherubin988@gmail.com',NULL),('X7qjzO9XT1','Andrea Chloe B. Mercado','chloe.blair@gmail.com',NULL),('XBXfIUxZcO','Mike Santiago','mikesantiago@gmail.com',NULL),('XlGJrehUDZ','MarketlinkPH','MarketlinkPH',NULL),('xMolF5RbXn','Timscol','Tim Collinss',NULL),('XNQBQv0xSs','sonnygutierrez','sonny gutierres',NULL),('XOitYJVdWx','Lesterses','ronaldetmsmt@mail.ru',NULL),('xULKUzRtRb','mobilegadgetstoreltd','Anna Pinna',NULL),('Xw0EY1aJg8','aree travel','areetravel@gmail.com',NULL),('Y7kAOfwEWE','Julius Bautista','juliusbautista@gmail.com',NULL),('ybm9FK99Qd','samantha ','honpham@gmail.com',NULL),('YhOopXPPPo','Ben ten','janjanboy@gmail.com',NULL),('YL8f6gppgS','Sample Account','testsample@mailinator.com',NULL),('yOfjc4IVkO','Ralph Evangelista','ralphevangelista@gmail.com',NULL),('yQxvLycRYm','Princes','Resare',NULL),('YTOYU0TIeT','mitch cruz','michelle110114@yahoo.com',NULL),('YZKvhj9wGv','Andrew Gamez','1andrewgamez@gmail.com',NULL),('z9KyTf2Q81','Jason Gerard Ramos','ekaldyb2013@yahoo.com.ph',NULL),('ZAZxoxQWHN','enriquez','basty',NULL),('zBatANUalK','Roy Santos','roy.santos27@gmail.com',NULL),('zJnXmO2rt5','Vanessa Sebastian','Vanessa',NULL),('zNgwR2qn09','santiago','sophiesantiag0@gmail.com',NULL),('zNWBk9Pjne','Reynaldo D. Enriquez','admin@cevasbinanlaguna.com',NULL),('zPsIzNt7Bk','Donalddush','maksmitrofanow252@gmail.com',NULL),('zQDhzJaljt','June Barcena','barcenajune@gmail.com',NULL),('zrCKCamwF4','Bong  Yambot','vener11@yahoo.com',NULL),('zrY5KvuqWn','trafalgar_law','Trafalgar Law',NULL);
/*!40000 ALTER TABLE `users` ENABLE KEYS */;
UNLOCK TABLES;
/*!40103 SET TIME_ZONE=@OLD_TIME_ZONE */;

/*!40101 SET SQL_MODE=@OLD_SQL_MODE */;
/*!40014 SET FOREIGN_KEY_CHECKS=@OLD_FOREIGN_KEY_CHECKS */;
/*!40014 SET UNIQUE_CHECKS=@OLD_UNIQUE_CHECKS */;
/*!40101 SET CHARACTER_SET_CLIENT=@OLD_CHARACTER_SET_CLIENT */;
/*!40101 SET CHARACTER_SET_RESULTS=@OLD_CHARACTER_SET_RESULTS */;
/*!40101 SET COLLATION_CONNECTION=@OLD_COLLATION_CONNECTION */;
/*!40111 SET SQL_NOTES=@OLD_SQL_NOTES */;

-- Dump completed on 2016-02-29 15:54:49
